<?xml version="1.0" encoding="UTF-8"?>
<project-private xmlns="http://www.netbeans.org/ns/project-private/1">
    <editor-bookmarks xmlns="http://www.netbeans.org/ns/editor-bookmarks/2" lastBookmarkId="0"/>
    <open-files xmlns="http://www.netbeans.org/ns/projectui-open-files/2">
        <group>
            <file>file:/C:/Users/soliz/Documents/trabalho/Empresa/4-NeoVU/Software/desenvolvimento/neovu/index.html</file>
            <file>file:/C:/Users/soliz/Documents/trabalho/Empresa/4-NeoVU/Software/desenvolvimento/neovu/js/neovu.js</file>
            <file>file:/C:/Users/soliz/Documents/trabalho/Empresa/4-NeoVU/Software/desenvolvimento/neovu/css/neovu.css</file>
        </group>
    </open-files>
</project-private>
